{"cameraMode":{"drawMode":0,"name":"Shaded","section":"Shading Mode"},"sceneLighting":true,"audioPlay":false,"sceneViewState":{"m_AlwaysRefresh":false,"showFog":true,"showSkybox":true,"showFlares":true,"showImageEffects":true,"showParticleSystems":true,"showVisualEffectGraphs":true,"m_FxEnabled":true},"in2DMode":false,"pivot":{"x":-15.667181015014649,"y":-0.7108525037765503,"z":32.07598876953125},"rotation":{"x":-0.0443473719060421,"y":0.9249857664108276,"z":-0.11377490311861038,"w":-0.36023467779159548},"size":11.840254783630371,"orthographic":false}